teamName,enrollment,class,y,headSchool,co-opingSchools,district,latitude,longitude,rank0g,rank1g,rank2g,rank3g,rank4g,rank5g,rank6g,rank7g,rank8g,rank9g,sqmg,rank10g,rankLast3g,rankAvgg,rank0b,rank1b,rank2b,rank3b,rank4b,rank5b,rank6b,rank7b,rank8b,rank9b,sqmb,rank10b,rankLast3b,rankAvgb
Logan-Magnolia,148,1A,2019,Logan-Magnolia ,,Ridge View,41.6430472,-95.7891614,1,21,21,21,21,21,21,21,21,21,,,11.00,1.00,21,21,21,21,21,21,21,21,21,,,,21.00,21.00
Hudson,175,1A,2019,Hudson ,,Marshalltown,42.406653,-92.4554671,2,21,21,21,21,21,21,21,21,21,,,11.50,2.00,20,21,21,21,21,21,21,21,21,,,,20.50,20.00
"AHSTW, Avoca",166,1A,2019,"AHSTW, Avoca ",,Mount Ayr,41.4766571,-95.3380549,3,21,21,21,21,21,21,21,21,21,,,12.00,3.00,21,21,21,21,21,21,21,21,21,,,,21.00,21.00
Aplington-Parkersburg,180,1A,2019,Aplington-Parkersburg ,,Marshalltown,42.5820329,-92.8845695,4,21,21,21,21,21,21,21,21,21,,,12.50,4.00,21,21,21,21,21,21,21,21,21,,,,21.00,21.00
"Regina, Iowa City",163,1A,2019,"Regina, Iowa City ",,Iowa City (Regina),41.6678,-91.504,5,21,21,21,21,21,21,21,21,21,,,13.00,5.00,20,21,21,21,21,21,21,21,21,,,,20.50,20.00
"Kee, Lansing",102,1A,2019,"Kee, Lansing ",,Cedar Falls,43.3603,-91.2218,6,21,21,21,21,21,21,21,21,21,,,13.50,6.00,21,21,21,21,21,21,21,21,21,,,,21.00,21.00
Denver,179,1A,2019,Denver ,,Cedar Falls,42.6713718,41.670555680461,7,21,21,21,21,21,21,21,21,21,,,14.00,7.00,21,21,21,21,21,21,21,21,21,,,,21.00,21.00
Nodaway Valley,155,1A,2019,Nodaway Valley ,,Mount Ayr,41.3052657,-94.4613543,8,21,21,21,21,21,21,21,21,21,,,14.50,8.00,4,21,21,21,21,21,21,21,21,,,,12.50,4.00
Pekin of Packwood,160,1A,2019,Pekin ,,Iowa City (Regina),41.1327937,-92.0826771,9,21,21,21,21,21,21,21,21,21,,,15.00,9.00,9,21,21,21,21,21,21,21,21,,,,15.00,9.00
Van Meter,175,1A,2019,Van Meter ,,Mount Ayr,41.5333223,-93.9543949,10,21,21,21,21,21,21,21,21,21,,,15.50,10.00,21,21,21,21,21,21,21,21,21,,,,21.00,21.00
Manson Northwest Webster,166,1A,2019,Manson Northwest Webster ,,Ridge View,42.5291439,-94.5341421,11,21,21,21,21,21,21,21,21,21,,,16.00,11.00,21,21,21,21,21,21,21,21,21,,,,21.00,21.00
Madrid,148,1A,2019,Madrid ,,Marshalltown,41.8779511,-93.8156689,12,21,21,21,21,21,21,21,21,21,,,16.50,12.00,1,21,21,21,21,21,21,21,21,,,,11.00,1.00
Nashua-Plainfield,119,1A,2019,Nashua-Plainfield ,,Cedar Falls,42.9522221,-92.5386382,13,21,21,21,21,21,21,21,21,21,,,17.00,13.00,21,21,21,21,21,21,21,21,21,,,,21.00,21.00
Sumner-Fredericksburg,172,1A,2019,Sumner-Fredericksburg ,,Cedar Falls,42.8474801,-92.0915633,13,21,21,21,21,21,21,21,21,21,,,17.00,13.00,21,21,21,21,21,21,21,21,21,,,,21.00,21.00
"North Linn, Troy Mills",163,1A,2019,"North Linn, Troy Mills ",,Cedar Falls,42.291,-91.6615,14,21,21,21,21,21,21,21,21,21,,,17.50,14.00,21,21,21,21,21,21,21,21,21,,,,21.00,21.00
"St. Edmond, Fort Dodge",141,1A,2019,"St. Edmond, Fort Dodge ",,Ridge View,42.511044,-94.167149,14,21,21,21,21,21,21,21,21,21,,,17.50,14.00,21,21,21,21,21,21,21,21,21,,,,21.00,21.00
"Prince of Peace Catholic, Clinton",46,1A,2019,"Prince of Peace Catholic, Clinton ",,Iowa City (Regina),41.842821,-90.193655,15,21,21,21,21,21,21,21,21,21,,,18.00,15.00,21,21,21,21,21,21,21,21,21,,,,21.00,21.00
"Central, Elkader",94,1A,2019,"Central, Elkader ",,Iowa City (Regina),42.8538739,-91.4054159,20,21,21,21,21,21,21,21,21,21,,,20.50,20.00,21,21,21,21,21,21,21,21,21,,,,21.00,21.00
Earlham,153,1A,2019,Earlham ,,Mount Ayr,41.4915674,-94.1229834,20,21,21,21,21,21,21,21,21,21,,,20.50,20.00,2,21,21,21,21,21,21,21,21,,,,11.50,2.00
South Winneshiek,141,1A,2019,"South Winneshiek, Calmar ",,Cedar Falls,43.1835847,-91.8640482,20,21,21,21,21,21,21,21,21,21,,,20.50,20.00,6,21,21,21,21,21,21,21,21,,,,13.50,6.00
"Tri-Center, Neola",163,1A,2019,"Tri-Center, Neola ",,Ridge View,41.4488816,-95.6155615,20,21,21,21,21,21,21,21,21,21,,,20.50,20.00,11,21,21,21,21,21,21,21,21,,,,16.00,11.00
ACGC High School,187,1A,,ACGC  ,,,41.67055,-94.494,21,21,21,21,21,21,21,21,21,21,,,21.00,21.00,20,21,21,21,21,21,21,21,21,,,,20.50,20.00
Alburnett,149,1A,2019,Alburnett ,,Iowa City (Regina),42.1483285,-91.6185065,21,21,21,21,21,21,21,21,21,21,,,21.00,21.00,21,21,21,21,21,21,21,21,21,,,,21.00,21.00
Alta-Aurelia,162,1A,2019,Alta-Aurelia ,,Ridge View,42.6749812,-95.3041656,21,21,21,21,21,21,21,21,21,21,,,21.00,21.00,21,21,21,21,21,21,21,21,21,,,,21.00,21.00
Ankeny Christian Academy,61,1A,2019,Ankeny Christian Academy ,,Mount Ayr,41.7324,-93.6231,21,21,21,21,21,21,21,21,21,21,,,21.00,21.00,21,21,21,21,21,21,21,21,21,,,,21.00,21.00
Audubon,114,1A,2019,Audubon ,,Mount Ayr,41.7180421,-94.9324868,21,21,21,21,21,21,21,21,21,21,,,21.00,21.00,21,21,21,21,21,21,21,21,21,,,,21.00,21.00
Baxter,78,1A,2019,Baxter ,,Marshalltown,41.8260998,-93.1515905,21,21,21,21,21,21,21,21,21,21,,,21.00,21.00,21,21,21,21,21,21,21,21,21,,,,21.00,21.00
"BCLUW, Conrad",132,1A,2019,"BCLUW, Conrad ",,Marshalltown,42.2247077,-92.8746455,21,21,21,21,21,21,21,21,21,21,,,21.00,21.00,21,21,21,21,21,21,21,21,21,,,,21.00,21.00
Bedford,95,1A,2019,Bedford ,,Mount Ayr,40.666932,-94.721358,21,21,21,21,21,21,21,21,21,21,,,21.00,21.00,21,21,21,21,21,21,21,21,21,,,,21.00,21.00
Belle Plaine,129,1A,2019,Belle Plaine ,,Marshalltown,41.8955529,-92.2757404,21,21,21,21,21,21,21,21,21,21,,,21.00,21.00,21,21,21,21,21,21,21,21,21,,,,21.00,21.00
Belmond-Klemme,174,1A,2019,Belmond-Klemme ,,Marshalltown,42.84608,-93.6140991,21,21,21,21,21,21,21,21,21,21,,,21.00,21.00,21,21,21,21,21,21,21,21,21,,,,21.00,21.00
"BGM, Brooklyn",116,1A,2019,"BGM, Brooklyn ",,Marshalltown,41.7315717,-92.4453638,21,21,21,21,21,21,21,21,21,21,,,21.00,21.00,21,21,21,21,21,21,21,21,21,,,,21.00,21.00
"Bishop Garrigan, Algona",114,1A,2019,"Bishop Garrigan, Algona ",,Marshalltown,43.08,-94.213,21,21,21,21,21,21,21,21,21,21,,,21.00,21.00,21,21,21,21,21,21,21,21,21,,,,21.00,21.00
"Boyer Valley, Dunlap",100,1A,2019,"Boyer Valley, Dunlap ",,Ridge View,41.8543292,-95.6019662,21,21,21,21,21,21,21,21,21,21,,,21.00,21.00,21,21,21,21,21,21,21,21,21,,,,21.00,21.00
Calamus-Wheatland,99,1A,2019,Calamus-Wheatland ,,Iowa City (Regina),41.8316906,-90.8382014,21,21,21,21,21,21,21,21,21,21,,,21.00,21.00,3,21,21,21,21,21,21,21,21,,,,12.00,3.00
"CAM, Anita",109,1A,2019,"CAM, Anita ",,Mount Ayr,41.4438761,-94.764146,21,21,21,21,21,21,21,21,21,21,,,21.00,21.00,21,21,21,21,21,21,21,21,21,,,,21.00,21.00
"Cascade, Western Dubuque",174,1A,2019,"Cascade, Western Dubuque ",,Iowa City (Regina),42.3008,-91.018142,21,21,21,21,21,21,21,21,21,21,,,21.00,21.00,21,21,21,21,21,21,21,21,21,,,,21.00,21.00
Central Springs,161,1A,2019,Central Springs ,,Cedar Falls,43.2907924,-93.2032593,21,21,21,21,21,21,21,21,21,21,,,21.00,21.00,20,21,21,21,21,21,21,21,21,,,,20.50,20.00
Clarinda Academy,111,1A,2019,Clarinda Academy ,,Mount Ayr,40.7577,-95.0361,21,21,21,21,21,21,21,21,21,21,,,21.00,21.00,21,21,21,21,21,21,21,21,21,,,,21.00,21.00
Clarksville,66,1A,2019,Clarksville ,,Cedar Falls,42.7847,-92.6676907,21,21,21,21,21,21,21,21,21,21,,,21.00,21.00,21,21,21,21,21,21,21,21,21,,,,21.00,21.00
"Clayton Ridge, Guttenberg",148,1A,2019,"Clayton Ridge, Guttenberg ",,Cedar Falls,42.7899897,-91.1029068,21,21,21,21,21,21,21,21,21,21,,,21.00,21.00,21,21,21,21,21,21,21,21,21,,,,21.00,21.00
Collins-Maxwell,88,1A,2019,Collins-Maxwell ,,Marshalltown,41.8919322,-93.3996546,21,21,21,21,21,21,21,21,21,21,,,21.00,21.00,21,21,21,21,21,21,21,21,21,,,,21.00,21.00
Colo-Nesco,103,1A,2019,Colo-Nesco ,,Marshalltown,42.0177653,-93.3152072,21,21,21,21,21,21,21,21,21,21,,,21.00,21.00,21,21,21,21,21,21,21,21,21,,,,21.00,21.00
"Columbus Community, Columbus Junction",157,1A,2019,"Columbus Community, Columbus Junction ",,Iowa City (Regina),41.2786364,-91.3598775,21,21,21,21,21,21,21,21,21,21,,,21.00,21.00,21,21,21,21,21,21,21,21,21,,,,21.00,21.00
Coon Rapids-Bayard,91,1A,2019,Coon Rapids-Bayard ,,Mount Ayr,41.8708192,-94.6774786,21,21,21,21,21,21,21,21,21,21,,,21.00,21.00,21,21,21,21,21,21,21,21,21,,,,21.00,21.00
Diagonal,21,1A,2019,Diagonal ,,Mount Ayr,40.8094349,-94.3421793,21,21,21,21,21,21,21,21,21,21,,,21.00,21.00,21,21,21,21,21,21,21,21,21,,,,21.00,21.00
"Don Bosco, Gilbertville",81,1A,2019,"Don Bosco, Gilbertville ",,Cedar Falls,42.4185,-92.2159,21,21,21,21,21,21,21,21,21,21,,,21.00,21.00,21,21,21,21,21,21,21,21,21,,,,21.00,21.00
Dunkerton,112,1A,2019,Dunkerton ,,Cedar Falls,42.5699952,-92.1609371,21,21,21,21,21,21,21,21,21,21,,,21.00,21.00,21,21,21,21,21,21,21,21,21,,,,21.00,21.00
Durant,169,1A,2019,Durant ,,Iowa City (Regina),41.5997498,-90.9107037,21,21,21,21,21,21,21,21,21,21,,,21.00,21.00,21,21,21,21,21,21,21,21,21,,,,21.00,21.00
"East Buchanan, Winthrop",137,1A,2019,"East Buchanan, Winthrop ",,Cedar Falls,42.4733189,-91.7343327,21,21,21,21,21,21,21,21,21,21,,,21.00,21.00,21,21,21,21,21,21,21,21,21,,,,21.00,21.00
"East Marshall, LeGrand",173,1A,2019,"East Marshall, LeGrand ",,Marshalltown,42.0076,-92.77862,21,21,21,21,21,21,21,21,21,21,,,21.00,21.00,15,21,21,21,21,21,21,21,21,,,,18.00,15.00
East Mills,98,1A,2019,East Mills ,,Mount Ayr,41.0236518,-95.4992019,21,21,21,21,21,21,21,21,21,21,,,21.00,21.00,21,21,21,21,21,21,21,21,21,,,,21.00,21.00
East Sac County,180,1A,2019,East Sac County ,,Ridge View,42.3116499,-95.053324,21,21,21,21,21,21,21,21,21,21,,,21.00,21.00,21,21,21,21,21,21,21,21,21,,,,21.00,21.00
"East Union, Afton",116,1A,2019,"East Union, Afton ",,Mount Ayr,41.0284183,-94.1975786,21,21,21,21,21,21,21,21,21,21,,,21.00,21.00,21,21,21,21,21,21,21,21,21,,,,21.00,21.00
Easton Valley,118,1A,2019,Easton Valley ,,Iowa City (Regina),42.0502844,-90.3960275,21,21,21,21,21,21,21,21,21,21,,,21.00,21.00,21,21,21,21,21,21,21,21,21,,,,21.00,21.00
Edgewood-Colesburg,123,1A,2019,Edgewood-Colesburg ,,Cedar Falls,42.6444313,-91.4012515,21,21,21,21,21,21,21,21,21,21,,,21.00,21.00,21,21,21,21,21,21,21,21,21,,,,21.00,21.00
"English Valleys, North English",97,1A,2019,"English Valleys, North English ",,Iowa City (Regina),41.5138978,-92.0762891,21,21,21,21,21,21,21,21,21,21,,,21.00,21.00,21,21,21,21,21,21,21,21,21,,,,21.00,21.00
Essex,40,1A,2019,Essex ,,Mount Ayr,40.8344024,-95.3073003,21,21,21,21,21,21,21,21,21,21,,,21.00,21.00,21,21,21,21,21,21,21,21,21,,,,21.00,21.00
Exira/Elk Horn-Kimballton,95,1A,2019,Exira/Elk Horn-Kimballton ,,Mount Ayr,41.591655,-95.0599904,21,21,21,21,21,21,21,21,21,21,,,21.00,21.00,21,21,21,21,21,21,21,21,21,,,,21.00,21.00
"Fremont-Mills, Tabor",102,1A,2019,"Fremont-Mills, Tabor ",,Mount Ayr,40.8983329,-95.6713891,21,21,21,21,21,21,21,21,21,21,,,21.00,21.00,21,21,21,21,21,21,21,21,21,,,,21.00,21.00
"Gehlen Catholic, LeMars",116,1A,2019,"Gehlen Catholic, LeMars ",,Ridge View,42.7935,-96.1558,21,21,21,21,21,21,21,21,21,21,,,21.00,21.00,12,21,21,21,21,21,21,21,21,,,,16.50,12.00
"GMG, Garwin",118,1A,2019,"GMG, Garwin ",,Marshalltown,42.0935999,-92.6757523,21,21,21,21,21,21,21,21,21,21,,,21.00,21.00,21,21,21,21,21,21,21,21,21,,,,21.00,21.00
Graettinger-Terril/Ruthven-Ayrshire,108,1A,2019,Ruthven-Ayrshire ,Graettinger-Terril,Ridge View,43.236,-94.755,21,21,21,21,21,21,21,21,21,21,,,21.00,21.00,21,21,21,21,21,21,21,21,21,,,,21.00,21.00
Griswold,105,1A,2019,Griswold ,,Mount Ayr,41.234991,-95.1374929,21,21,21,21,21,21,21,21,21,21,,,21.00,21.00,21,21,21,21,21,21,21,21,21,,,,21.00,21.00
Harris-Lake Park,80,1A,2019,Harris-Lake Park,,Ridge View,43.4532977,-95.3225004,21,21,21,21,21,21,21,21,21,21,,,21.00,21.00,21,21,21,21,21,21,21,21,21,,,,21.00,21.00
Hartley-Melvin-Sanborn,125,1A,2019,Hartley-Melvin-Sanborn ,,Ridge View,43.1802719,-95.4770511,21,21,21,21,21,21,21,21,21,21,,,21.00,21.00,21,21,21,21,21,21,21,21,21,,,,21.00,21.00
"Highland, Riverside",139,1A,2019,"Highland, Riverside ",,Iowa City (Regina),41.4797413,-91.5812759,21,21,21,21,21,21,21,21,21,21,,,21.00,21.00,21,21,21,21,21,21,21,21,21,,,,21.00,21.00
Hillcrest Academy,56,1A,2019,Hillcrest Academy,,Iowa City (Regina),41.54,-91.788,21,21,21,21,21,21,21,21,21,21,,,21.00,21.00,21,21,21,21,21,21,21,21,21,,,,21.00,21.00
Hinton,161,1A,2019,Hinton ,,Ridge View,42.6266175,-96.2924857,21,21,21,21,21,21,21,21,21,21,,,21.00,21.00,21,21,21,21,21,21,21,21,21,,,,21.00,21.00
"HLV, Victor",77,1A,2019,"HLV, Victor ",,Iowa City (Regina),41.7316675,-92.2979615,21,21,21,21,21,21,21,21,21,21,,,21.00,21.00,21,21,21,21,21,21,21,21,21,,,,21.00,21.00
"Holy Trinity Catholic, Fort Madison",76,1A,2019,"Holy Trinity Catholic, Fort Madison",,Iowa City (Regina),40.6366,-91.342,21,21,21,21,21,21,21,21,21,21,,,21.00,21.00,21,21,21,21,21,21,21,21,21,,,,21.00,21.00
IKM-Manning,150,1A,2019,IKM-Manning ,,Mount Ayr,41.9091382,-95.0651328,21,21,21,21,21,21,21,21,21,21,,,21.00,21.00,21,21,21,21,21,21,21,21,21,,,,21.00,21.00
"Interstate 35, Truro",177,1A,2019,"Interstate 35, Truro ",,Mount Ayr,41.2097152,-93.8466116,21,21,21,21,21,21,21,21,21,21,,,21.00,21.00,21,21,21,21,21,21,21,21,21,,,,21.00,21.00
Isaac Newton Christian Academy,63,1A,2019,Isaac Newton Christian Academy ,Cedar Valley Christian ,Iowa City (Regina),42.006,-91.6722,21,21,21,21,21,21,21,21,21,21,,,21.00,21.00,21,21,21,21,21,21,21,21,21,,,,21.00,21.00
Janesville,86,1A,2019,Janesville ,,Cedar Falls,42.6438713,-92.4587970,21,21,21,21,21,21,21,21,21,21,,,21.00,21.00,21,21,21,21,21,21,21,21,21,,,,21.00,21.00
Keota,63,1A,2019,Keota ,,Iowa City (Regina),41.3639015,-91.9537859,21,21,21,21,21,21,21,21,21,21,,,21.00,21.00,21,21,21,21,21,21,21,21,21,,,,21.00,21.00
Lake Mills,158,1A,2019,Lake Mills ,,Cedar Falls,43.4193290,-93.5325269,21,21,21,21,21,21,21,21,21,21,,,21.00,21.00,21,21,21,21,21,21,21,21,21,,,,21.00,21.00
Lawton-Bronson,149,1A,2019,Lawton-Bronson ,,Ridge View,42.4786037,-96.1839121,21,21,21,21,21,21,21,21,21,21,,,21.00,21.00,21,21,21,21,21,21,21,21,21,,,,21.00,21.00
Lenox,98,1A,2019,Lenox ,,Mount Ayr,40.8816547,-94.5619095,21,21,21,21,21,21,21,21,21,21,,,21.00,21.00,21,21,21,21,21,21,21,21,21,,,,21.00,21.00
Lone Tree,120,1A,2019,Lone Tree ,,Iowa City (Regina),41.4880775,-91.4259940,21,21,21,21,21,21,21,21,21,21,,,21.00,21.00,21,21,21,21,21,21,21,21,21,,,,21.00,21.00
Lynnville-Sully,108,1A,2019,Lynnville-Sully ,,Marshalltown,41.5783288,-92.8449164,21,21,21,21,21,21,21,21,21,21,,,21.00,21.00,21,21,21,21,21,21,21,21,21,,,,21.00,21.00
"Maharishi, Fairfield",35,1A,2019,Maharishi School ,,---,41.015,-91.967,21,21,21,21,21,21,21,21,21,21,,,21.00,21.00,21,21,21,21,21,21,21,21,21,,,,21.00,21.00
"Maquoketa Valley, Delhi",151,1A,2019,"Maquoketa Valley, Delhi ",,Iowa City (Regina),42.4297143,-91.3309789,21,21,21,21,21,21,21,21,21,21,,,21.00,21.00,5,21,21,21,21,21,21,21,21,,,,13.00,5.00
"Marquette Catholic, Bellevue",52,1A,2019,"Marquette Catholic, Bellevue ",,Iowa City (Regina),42.2599,-90.429,21,21,21,21,21,21,21,21,21,21,,,21.00,21.00,20,21,21,21,21,21,21,21,21,,,,20.50,20.00
Martensdale-St. Marys,129,1A,2019,Martensdale-St. Marys ,,Mount Ayr,41.3730474,-93.7357761,21,21,21,21,21,21,21,21,21,21,,,21.00,21.00,21,21,21,21,21,21,21,21,21,,,,21.00,21.00
Mediapolis,179,1A,2019,Mediapolis ,,Iowa City (Regina),41.0080904,-91.1640369,21,21,21,21,21,21,21,21,21,21,,,21.00,21.00,21,21,21,21,21,21,21,21,21,,,,21.00,21.00
Melcher-Dallas,65,1A,2019,Melcher-Dallas ,,Marshalltown,41.2249966,-93.2413191,21,21,21,21,21,21,21,21,21,21,,,21.00,21.00,21,21,21,21,21,21,21,21,21,,,,21.00,21.00
Meskwaki Settlement School,57,1A,2019,Meskwaki Settlement School ,,Marshalltown,41.992,-92.647,21,21,21,21,21,21,21,21,21,21,,,21.00,21.00,21,21,21,21,21,21,21,21,21,,,,21.00,21.00
"MFL MarMac, Monona",147,1A,2019,"MFL MarMac, Monona",,Cedar Falls,43.0516494,-91.3893041,21,21,21,21,21,21,21,21,21,21,,,21.00,21.00,21,21,21,21,21,21,21,21,21,,,,21.00,21.00
"Midland, Wyoming",108,1A,2019,"Midland, Wyoming ",,Iowa City (Regina),42.0591801,-91.0073701,21,21,21,21,21,21,21,21,21,21,,,21.00,21.00,21,21,21,21,21,21,21,21,21,,,,21.00,21.00
MMCRU,122,1A,2019,MMCRU  ,,Ridge View,42.818,-95.802,21,21,21,21,21,21,21,21,21,21,,,21.00,21.00,21,21,21,21,21,21,21,21,21,,,,21.00,21.00
Montezuma,113,1A,2019,Montezuma ,,Marshalltown,41.5858340,-92.5274091,21,21,21,21,21,21,21,21,21,21,,,21.00,21.00,21,21,21,21,21,21,21,21,21,,,,21.00,21.00
Moravia,86,1A,2019,Moravia ,,Marshalltown,40.8916777,-92.8190852,21,21,21,21,21,21,21,21,21,21,,,21.00,21.00,21,21,21,21,21,21,21,21,21,,,,21.00,21.00
Moulton-Udell,41,1A,2019,Moulton-Udell ,,Marshalltown,40.6858857,-92.6771915,21,21,21,21,21,21,21,21,21,21,,,21.00,21.00,21,21,21,21,21,21,21,21,21,,,,21.00,21.00
Mount Ayr,147,1A,2019,Mount Ayr ,,Mount Ayr,40.7147147,-94.2352320,21,21,21,21,21,21,21,21,21,21,,,21.00,21.00,21,21,21,21,21,21,21,21,21,,,,21.00,21.00
"Newman Catholic, Mason City",106,1A,2019,"Newman Catholic, Mason City ",,Marshalltown,43.1328,-93.2393,21,21,21,21,21,21,21,21,21,21,,,21.00,21.00,8,21,21,21,21,21,21,21,21,,,,14.50,8.00
"North Butler, Greene",119,1A,2019,"North Butler, Greene ",,Cedar Falls,42.8958066,-92.8024158,21,21,21,21,21,21,21,21,21,21,,,21.00,21.00,21,21,21,21,21,21,21,21,21,,,,21.00,21.00
"North Cedar, Stanwood",151,1A,2019,"North Cedar, Stanwood ",,Iowa City (Regina),41.8930715,-91.1507132,21,21,21,21,21,21,21,21,21,21,,,21.00,21.00,21,21,21,21,21,21,21,21,21,,,,21.00,21.00
"North Iowa, Buffalo Center",96,1A,2019,"North Iowa, Buffalo Center ",,Cedar Falls,43.3857909,-93.9466193,21,21,21,21,21,21,21,21,21,21,,,21.00,21.00,21,21,21,21,21,21,21,21,21,,,,21.00,21.00
"North Mahaska, New Sharon",122,1A,2019,"North Mahaska, New Sharon ",,Marshalltown,41.4666683,-92.6474129,21,21,21,21,21,21,21,21,21,21,,,21.00,21.00,21,21,21,21,21,21,21,21,21,,,,21.00,21.00
"North Tama, Traer",114,1A,2019,"North Tama, Traer ",,Cedar Falls,42.1936007,-92.4654688,21,21,21,21,21,21,21,21,21,21,,,21.00,21.00,21,21,21,21,21,21,21,21,21,,,,21.00,21.00
North Union,164,1A,2019,North Union ,,Ridge View,43.3960697,-94.4783082,21,21,21,21,21,21,21,21,21,21,,,21.00,21.00,21,21,21,21,21,21,21,21,21,,,,21.00,21.00
Northwood-Kensett,120,1A,2019,Northwood-Kensett ,,Cedar Falls,43.4441245,-93.2210371,21,21,21,21,21,21,21,21,21,21,,,21.00,21.00,21,21,21,21,21,21,21,21,21,,,,21.00,21.00
Ogden,157,1A,2019,Ogden ,,Mount Ayr,42.0395595,-94.0320167,21,21,21,21,21,21,21,21,21,21,,,21.00,21.00,10,21,21,21,21,21,21,21,21,,,,15.50,10.00
Orient-Macksburg,36,1A,2019,Orient-Macksburg ,,Mount Ayr,41.2030440,-94.4146845,21,21,21,21,21,21,21,21,21,21,,,21.00,21.00,21,21,21,21,21,21,21,21,21,,,,21.00,21.00
Postville,172,1A,2019,Postville ,,Cedar Falls,43.0847020,-91.5682015,21,21,21,21,21,21,21,21,21,21,,,21.00,21.00,21,21,21,21,21,21,21,21,21,,,,21.00,21.00
Riceville,79,1A,2019,Riceville ,,Cedar Falls,43.3638571,-92.5540687,21,21,21,21,21,21,21,21,21,21,,,21.00,21.00,21,21,21,21,21,21,21,21,21,,,,21.00,21.00
Ridge View,153,1A,2019,Ridge View ,,Ridge View,42.487526,-95.5372,21,21,21,21,21,21,21,21,21,21,,,21.00,21.00,21,21,21,21,21,21,21,21,21,,,,21.00,21.00
"Rivermont Collegiate, Bettendorf",34,1A,2019,"Rivermont Collegiate, Bettendorf ",,Iowa City (Regina),41.529,-90.505,21,21,21,21,21,21,21,21,21,21,,,21.00,21.00,21,21,21,21,21,21,21,21,21,,,,21.00,21.00
"Riverside, Oakland",118,1A,2019,"Riverside, Oakland ",,Mount Ayr,41.303,-95.301,21,21,21,21,21,21,21,21,21,21,,,21.00,21.00,21,21,21,21,21,21,21,21,21,,,,21.00,21.00
Rockford,108,1A,2019,Rockford ,,Cedar Falls,43.0521922,-92.9485301,21,21,21,21,21,21,21,21,21,21,,,21.00,21.00,21,21,21,21,21,21,21,21,21,,,,21.00,21.00
Saint Ansgar,137,1A,2019,Saint Ansgar ,,Cedar Falls,43.3784811,-92.9203887,21,21,21,21,21,21,21,21,21,21,,,21.00,21.00,14,21,21,21,21,21,21,21,21,,,,17.50,14.00
Scattergood Friends,23,1A,2019,Scattergood Friends ,,---,41.664,-91.308,21,21,21,21,21,21,21,21,21,21,,,21.00,21.00,21,21,21,21,21,21,21,21,21,,,,21.00,21.00
Sidney,131,1A,2019,Sidney ,,Mount Ayr,40.7483337,-95.6474959,21,21,21,21,21,21,21,21,21,21,,,21.00,21.00,21,21,21,21,21,21,21,21,21,,,,21.00,21.00
Sigourney,135,1A,2019,Sigourney ,,Marshalltown,41.3333445,-92.2046255,21,21,21,21,21,21,21,21,21,21,,,21.00,21.00,21,21,21,21,21,21,21,21,21,,,,21.00,21.00
"Sioux Central, Sioux Rapids",174,1A,2019,"Sioux Central, Sioux Rapids ",,Ridge View,42.8933093,-95.1511051,21,21,21,21,21,21,21,21,21,21,,,21.00,21.00,21,21,21,21,21,21,21,21,21,,,,21.00,21.00
Siouxland Christian,53,1A,2019,Siouxland Christian ,,Ridge View,42.474829,-96.328933,21,21,21,21,21,21,21,21,21,21,,,21.00,21.00,21,21,21,21,21,21,21,21,21,,,,21.00,21.00
"South O'Brien, Paullina",153,1A,2019,"South O'Brien, Paullina ",,Ridge View,42.9791479,-95.6880657,21,21,21,21,21,21,21,21,21,21,,,21.00,21.00,21,21,21,21,21,21,21,21,21,,,,21.00,21.00
"Southeast Warren, Liberty Center",115,1A,2019,"Southeast Warren, Liberty Center ",,Marshalltown,41.2041670,-93.5000000,21,21,21,21,21,21,21,21,21,21,,,21.00,21.00,21,21,21,21,21,21,21,21,21,,,,21.00,21.00
Southwest Valley,138,1A,2019,Southwest Valley ,,Mount Ayr,40.9869306,-94.7335843,21,21,21,21,21,21,21,21,21,21,,,21.00,21.00,21,21,21,21,21,21,21,21,21,,,,21.00,21.00
"St. Albert, Council Bluffs",125,1A,2019,"St. Albert, Council Bluffs ",,Ridge View,41.262,-95.8219,21,21,21,21,21,21,21,21,21,21,,,21.00,21.00,13,21,21,21,21,21,21,21,21,,,,17.00,13.00
"St. Mary's, Remsen",47,1A,2019,"St. Mary's, Remsen ",,Ridge View,42.812,-95.971,21,21,21,21,21,21,21,21,21,21,,,21.00,21.00,21,21,21,21,21,21,21,21,21,,,,21.00,21.00
Stanton,51,1A,2019,Stanton ,,Mount Ayr,40.9777689,-95.1016534,21,21,21,21,21,21,21,21,21,21,,,21.00,21.00,21,21,21,21,21,21,21,21,21,,,,21.00,21.00
Trinity Christian High School,57,1A,2019,Trinity Christian High School ,,Ridge View,43.195,-96.148165,21,21,21,21,21,21,21,21,21,21,,,21.00,21.00,21,21,21,21,21,21,21,21,21,,,,21.00,21.00
Tripoli,95,1A,2019,Tripoli ,,Cedar Falls,42.8080363,-92.2582341,21,21,21,21,21,21,21,21,21,21,,,21.00,21.00,21,21,21,21,21,21,21,21,21,,,,21.00,21.00
"Turkey Valley, Jackson Junction",85,1A,2019,"Turkey Valley, Jackson Junction ",,Cedar Falls,43.1149733,-92.0323906,21,21,21,21,21,21,21,21,21,21,,,21.00,21.00,21,21,21,21,21,21,21,21,21,,,,21.00,21.00
"Twin Cedars, Bussey",69,1A,2019,"Twin Cedars, Bussey ",,Marshalltown,41.2066696,-92.8840881,21,21,21,21,21,21,21,21,21,21,,,21.00,21.00,21,21,21,21,21,21,21,21,21,,,,21.00,21.00
Valley Lutheran ,38,1A,2019,"Valley Lutheran, Cedar Falls ",,Cedar Falls,42.496,-92.420,21,21,21,21,21,21,21,21,21,21,,,21.00,21.00,21,21,21,21,21,21,21,21,21,,,,21.00,21.00
Van Buren Community,167,1A,2019,Van Buren Community ,,Iowa City (Regina),40.7303057,-91.9623949,21,21,21,21,21,21,21,21,21,21,,,21.00,21.00,21,21,21,21,21,21,21,21,21,,,,21.00,21.00
"WACO, Wayland",103,1A,2019,"WACO, Wayland ",,Iowa City (Regina),41.1472434,-91.6607207,21,21,21,21,21,21,21,21,21,21,,,21.00,21.00,21,21,21,21,21,21,21,21,21,,,,21.00,21.00
Wapello,157,1A,2019,Wapello ,,Iowa City (Regina),41.1814193,-91.1854273,21,21,21,21,21,21,21,21,21,21,,,21.00,21.00,21,21,21,21,21,21,21,21,21,,,,21.00,21.00
"Wapsie Valley, Fairbank",129,1A,2019,"Wapsie Valley, Fairbank ",,Cedar Falls,42.6391512,-92.0471199,21,21,21,21,21,21,21,21,21,21,,,21.00,21.00,21,21,21,21,21,21,21,21,21,,,,21.00,21.00
Wayne of Corydon,138,1A,2019,"Wayne, Corydon ",,Mount Ayr,40.7569499,-93.3188229,21,21,21,21,21,21,21,21,21,21,,,21.00,21.00,21,21,21,21,21,21,21,21,21,,,,21.00,21.00
West Bend-Mallard,80,1A,2019,West Bend-Mallard ,,Ridge View,42.9600447,-94.4450576,21,21,21,21,21,21,21,21,21,21,,,21.00,21.00,21,21,21,21,21,21,21,21,21,,,,21.00,21.00
"West Fork, Sheffield",147,1A,2019,"West Fork, Sheffield ",,Marshalltown,42.897469,-93.218,21,21,21,21,21,21,21,21,21,21,,,21.00,21.00,7,21,21,21,21,21,21,21,21,,,,14.00,7.00
"West Hancock, Britt",145,1A,2019,"West Hancock, Britt ",,Marshalltown,43.0977399,-93.8018875,21,21,21,21,21,21,21,21,21,21,,,21.00,21.00,21,21,21,21,21,21,21,21,21,,,,21.00,21.00
"West Harrison, Mondamin",81,1A,2019,"West Harrison, Mondamin ",,Ridge View,41.7103572,-96.0205391,21,21,21,21,21,21,21,21,21,21,,,21.00,21.00,21,21,21,21,21,21,21,21,21,,,,21.00,21.00
"West Monona, Onawa",153,1A,2019,"West Monona, Onawa ",,Ridge View,42.0266548,-96.0972376,21,21,21,21,21,21,21,21,21,21,,,21.00,21.00,21,21,21,21,21,21,21,21,21,,,,21.00,21.00
"West Sioux, Hawarden",182,1A,2019,"West Sioux, Hawarden ",,Ridge View,42.9963772,-96.4891976,21,21,21,21,21,21,21,21,21,21,,,21.00,21.00,21,21,21,21,21,21,21,21,21,,,,21.00,21.00
"Westwood, Sloan",133,1A,2019,"Westwood, Sloan ",,Ridge View,42.2337584,-96.2244905,21,21,21,21,21,21,21,21,21,21,,,21.00,21.00,21,21,21,21,21,21,21,21,21,,,,21.00,21.00
Whiting,43,1A,2019,Whiting ,,Ridge View,42.1269338,-96.1508521,21,21,21,21,21,21,21,21,21,21,,,21.00,21.00,21,21,21,21,21,21,21,21,21,,,,21.00,21.00
Wilton,175,1A,2019,Wilton ,,Iowa City (Regina),41.5889154,-91.0168179,21,21,21,21,21,21,21,21,21,21,,,21.00,21.00,21,21,21,21,21,21,21,21,21,,,,21.00,21.00
Winfield-Mt. Union,112,1A,2019,Winfield-Mt. Union ,,Iowa City (Regina),41.1230830,-91.4412683,21,21,21,21,21,21,21,21,21,21,,,21.00,21.00,21,21,21,21,21,21,21,21,21,,,,21.00,21.00
Woodbine,96,1A,2019,Woodbine ,,Ridge View,41.7340073,-95.7074104,21,21,21,21,21,21,21,21,21,21,,,21.00,21.00,21,21,21,21,21,21,21,21,21,,,,21.00,21.00
Woodward Academy,171,1A,2019,Woodward Academy ,,Marshalltown,41.872145,-93.9159,21,21,21,21,21,21,21,21,21,21,,,21.00,21.00,21,21,21,21,21,21,21,21,21,,,,21.00,21.00
Woodward-Granger,176,1A,2019,Woodward-Granger ,,Marshalltown,41.8572760,-93.9222218,21,21,21,21,21,21,21,21,21,21,,,21.00,21.00,21,21,21,21,21,21,21,21,21,,,,21.00,21.00